{"cameraMode":{"drawMode":0,"name":"Shaded","section":"Shading Mode"},"sceneLighting":true,"audioPlay":false,"sceneViewState":{"m_AlwaysRefresh":false,"showFog":true,"showSkybox":true,"showFlares":true,"showImageEffects":true,"showParticleSystems":true,"showVisualEffectGraphs":true,"m_FxEnabled":false},"in2DMode":false,"pivot":{"x":350.8321838378906,"y":257.51715087890627,"z":-318.00714111328127},"rotation":{"x":-0.06298917531967163,"y":0.001151660573668778,"z":-0.002521642716601491,"w":-0.9983330965042114},"size":0.9049965143203735,"orthographic":false}